{
  "batch": [
    1,
    2,
    3,
    4,
    5,
    6,
    7,
    8,
    9,
    10,
    11,
    12,
    13,
    14,
    15,
    16,
    17,
    18,
    19,
    20
  ],
  "value": [
    1.9123555289612524,
    2.0009871727144253,
    2.4182756106218353,
    2.760065590827251,
    2.2818653998059717,
    1.4691376500528406,
    2.41211230590521,
    1.816213637915676,
    3.53720627931108,
    2.1601675281231993,
    2.409158326611064,
    2.6300221994140816,
    2.4310315946411345,
    2.8444361176464987,
    2.8168358634726527,
    2.389075209360104,
    2.6612628154609914,
    2.6980068702194675,
    2.945604636740824,
    3.690284363235041
  ],
  "mean": 2.5142052350520303,
  "ucl": 4.070630106844854,
  "lcl": 0.9577803632592059
}